Name,MobileNumber,DOB
Juana R. Hill,973-838-1373,"February 28, 1992"
Ronda S. Dunn,310-332-5438,"May 5, 1999"
William K. Guzman,626-941-5478,"December 13, 1967"
Robert S. Ramirez,937-580-5847,"February 15, 1938"
Andrew J. Becker,816-616-0698,"August 31, 1947"
Guadalupe M. Camacho,732-744-0849,"September 13, 1938"
Samantha A. Deanda,217-941-2069,"August 4, 1982"
Sean L. Benfer,207-793-5882,"March 20, 1963"
David V. Payson,713-468-7924,"June 6, 1988"
William L. Gonzalez,805-808-9219,"November 19, 1978"
Janet J. Wilson,661-340-6799,"February 21, 1976"
Harrison B. Pica,859-754-9314,"February 21, 1965"
