Model,Price
Samsung Guru FM Plus,"₹1,550"
"Samsung Galaxy A7-2017 (Gold Sand, 32 GB)","₹25,900"
"Samsung Galaxy S8 Plus (Midnight Black, 64 GB)","₹51,990"
"Samsung Galaxy On8 (Black, 64 GB)","₹14,990"
"Samsung Galaxy J7 Nxt (Black, 32 GB)","₹11,299"
"Samsung Galaxy J2 Ace (Gold, 8 GB)","₹8,090"
"Samsung Galaxy A8 (Black, 32 GB)","₹20,500"
"Samsung Galaxy J7 (White, 16 GB)","₹11,700"
"Samsung Galaxy S9 (Coral Blue, 64 GB)","₹57,900"
Samsung Guru FM Plus,"₹1,545"
"Samsung Galaxy J7 Pro (Black, 64 GB)","₹17,390"
Samsung Guru FM Plus,"₹1,499"
"Samsung Galaxy J2 (Gold, 8 GB)","₹7,400"
"Samsung Galaxy On Nxt (Gold, 64 GB)","₹9,990"
"Samsung Galaxy J2 (Black, 8 GB)","₹7,400"
"Samsung Galaxy J5 Prime (Gold, 16 GB)","₹11,999"
Samsung Guru GT,"₹1,199"
"Samsung Galaxy On6 (Blue, 64 GB)","₹11,990"
"Samsung Galaxy On Nxt (Gold, 64 GB)","₹9,990"
"Samsung Galaxy On6 (Blue, 64 GB)","₹11,990"
"Samsung Galaxy On6 (Black, 64 GB)","₹11,990"
"Samsung Galaxy On8 (Blue, 64 GB)","₹14,990"
"Samsung Galaxy On Nxt (Black, 64 GB)","₹9,990"
Samsung 23 L Solo Microwave Oven,"₹5,190"
"Samsung Galaxy On Nxt (Black, 64 GB)","₹9,990"
"Samsung Galaxy S8 (Midnight Black, 64 GB)","₹32,990"
"Samsung Galaxy On8 (Black, 64 GB)","₹14,990"
"Samsung Galaxy J3 Pro (Gold, 16 GB)","₹6,590"
"Samsung Galaxy A7 (Black, 64 GB)","₹23,990"
"Samsung Galaxy On Nxt (Black, 64 GB)","₹9,990"
"Samsung Galaxy J3 Pro (Black, 16 GB)","₹6,590"
"Samsung Galaxy On Max (Gold, 32 GB)","₹11,990"
Samsung EVO Plus 32 GB MicroSDHC Class 10 95 MB/s Memory Card,₹500
"Samsung Galaxy On8 (Blue, 64 GB)","₹14,990"
"Samsung Galaxy J8 (Blue, 64 GB)","₹17,990"
"Samsung Galaxy A7 (Blue, 64 GB)","₹23,990"
Samsung Guru Music 2,"₹1,625"
Samsung Guru Music 2,"₹1,625"
Samsung Guru Music 2,"₹1,625"
"Samsung Galaxy On6 (Black, 64 GB)","₹11,990"
"Samsung Galaxy J8 (Black, 64 GB)","₹17,990"
Samsung Guru 1200,"₹1,100"
Samsung Guru 1200,"₹1,100"
Samsung EVO Plus 128 GB MicroSDXC UHS Class 3 100 MB/s Memory Card,"₹2,299"
Samsung Guru 1200,"₹1,100"
Samsung Metro XL,"₹3,225"
"Samsung Galaxy A6+ (Black, 64 GB)","₹21,990"
"Samsung Galaxy On Max (Black, 32 GB)","₹11,990"
"Samsung Galaxy A6+ (Blue, 64 GB)","₹21,990"
Samsung EVO Plus 64 GB MicroSDXC Class 10 100 MB/s Memory Card,₹949
